file,category,motion,motion_reason,usable,quality_reason,description,confidence,dense_pattern,overhead_view,duplicate_of,input_tokens,output_tokens,cost_usd
WhatsApp Image 2026-09-09 at 08.27.43 (1).jpeg,commun,motion,"Couloir spacieux avec perspective linéaire, arches et profondeur, peu de motif répétitif dominant",True,,"Couloir voûté aux arches blanches, orné de portes en bois massif finement sculptées et de lanternes marocaines suspendues. Le sol en zellige bleu et terracotta crée une ligne directrice, tandis qu'une ouverture latérale révèle une cour avec végétation.",high,False,False,,1896,189,0.002841
WhatsApp Image 2026-09-09 at 08.27.43.jpeg,commun,motion,"Vue large d'une galerie spacieuse avec profondeur, arches et perspectives ouvertes sur l'extérieur",True,,"Galerie couverte d'un riad avec arches en pierre blanche, mobilier rouge, lanternes marocaines suspendues et vue sur la végétation luxuriante. L'espace combine l'architecture traditionnelle avec une décoration contemporaine.",high,False,False,,1896,174,0.002766
WhatsApp Image 2026-09-09 at 08.29.28.jpeg,piscine,motion,"Vue large du patio avec bassin central lisible, cadrage spacieux et profondeur de champ",True,,"Patio intérieur marocain traditionnel avec bassin rectangulaire aux eaux turquoise, encadré de deux arbres et de portes en bois ouvragé. Décor symétrique associant zellige, poteries terracotta et ornements dorés.",high,False,False,,1896,173,0.002761
WhatsApp Image 2026-09-09 at 08.29.42.jpeg,piscine,motion,"Vue large d'un patio ouvert avec perspective profonde, bassin lisible et cadrage spacieux sans motif répétitif dominant",True,,"Patio intérieur marocain traditionnel avec bassin central rectangulaire aux eaux turquoise, encadré de quatre arbres et de zellige bleu-or. Galerie couverte avec portes en bois massif et fenêtres à moucharabieh, murs blancs et sol en carreaux de terre cuite.",high,False,False,,1896,198,0.002886
WhatsApp Image 2026-09-09 at 08.29.43 (1).jpeg,piscine,motion,"Vue large d'une cour intérieure spacieuse avec bassin central, perspective dégagée et profondeur de champ",True,,"Cour intérieure d'un riad traditionnel marocain avec bassin rectangulaire aux carrelages géométriques, arbres matures créant de l'ombre, portes en bois ouvragé et arcades blanches. L'espace combine éléments architecturaux classiques et végétation méditerranéenne.",high,False,False,,1896,196,0.002876
WhatsApp Image 2026-09-09 at 08.29.43.jpeg,commun,motion,"Perspective linéaire profonde d'une galerie spacieuse, peu de motifs répétitifs dominants",True,,"Galerie voûtée de style marocain traditionnel, éclairée naturellement par des baies latérales. Mobilier en velours rouge et lanternes en laiton ajouré créent une ambiance intime dans cet espace de circulation.",high,False,False,,1896,172,0.002756
WhatsApp Image 2026-09-09 at 08.29.44 (1).jpeg,piscine,motion,"Vue large d'un patio ouvert avec bassin central, perspective profonde et architecture spacieuse lisible",True,,"Patio intérieur marocain traditionnel avec bassin rectangulaire peu profond, encadré de deux arbres aux troncs massifs. Architecture en arcs outrepassés, zellige géométrique aux abords du bassin, portes en bois massif et balcon supérieur avec garde-corps ajouré.",high,False,False,,1896,186,0.002826
WhatsApp Image 2026-09-09 at 08.29.44 (2).jpeg,commun,statique,"Zellige dense au sol et motifs répétitifs dominants (carrelage géométrique, cadres dorés symétriques)",True,,"Salle de bains traditionnelle marocaine avec baignoire îlot rouge et blanc, double vasque, miroirs dorés et zellige géométrique noir et blanc au sol. Fenêtres à carreaux et décoration en bois travaillé complètent l'ensemble.",high,True,False,,1896,185,0.002821
WhatsApp Image 2026-09-09 at 08.29.44 (3).jpeg,chambre,statique,"Vue frontale symétrique d'une chambre avec motifs répétitifs (zellige au sol, draperies) et composition axiale dominante",True,,"Chambre de riad aux proportions généreuses, organisée autour d'une alcôve voûtée. Lit drapé de velours rouge, sol en zellige géométrique, draperies rouges aux fenêtres et lustre en cristal rose complètent l'ambiance traditionnelle marocaine.",high,True,False,,1896,198,0.002886
WhatsApp Image 2026-09-09 at 08.29.44.jpeg,piscine,motion,"Vue large d'un patio ouvert avec perspective profonde, peu de motif répétitif dominant",True,,"Patio intérieur d'un riad traditionnel marocain avec bassin central entouré d'arbres. Architecture caractérisée par des arcades en pierre, portes en bois travaillé, zellige bleu sur les bordures et sol en terre cuite avec filets géométriques.",high,False,False,,1896,179,0.002791
WhatsApp Image 2026-09-09 at 08.29.45 (1).jpeg,commun,statique,Salle de bain avec zellige au sol (motif géométrique dense répétitif) et vue frontale sans profondeur spatiale marquée,True,,"Salle de bain aux influences marocaines avec carrelage géométrique noir et blanc au sol, miroir doré ornementé, vasque blanche et accessoires en laiton. Décoration murale composée de textiles brodés et d'objets artisanaux reflétant l'esthétique riad traditionnel.",high,True,False,,1896,200,0.002896
WhatsApp Image 2026-09-09 at 08.29.45 (2).jpeg,chambre,motion,"Vue en profondeur à travers l'entrée, perspective spacieuse sur la chambre avec lit et décor",True,,"Entrée d'une chambre de riad avec portes en bois massif richement sculptées. L'intérieur révèle un lit circulaire, des draperies rouges, un lustre en cristal rouge et un sol en zellige traditionnel.",high,False,False,,1896,173,0.002761
WhatsApp Image 2026-09-09 at 08.29.45 (3).jpeg,commun,statique,Zellige dense et motif géométrique répétitif dominant sur les murs et sol,True,,"Salon marocain aux murs rose poudré avec alcôve en plâtre travaillé. Canapé beige garni de coussins rouges et écrus, zellige géométrique rouge et blanc au sol, mobilier en bois et accessoires traditionnels.",high,True,False,,1896,173,0.002761
WhatsApp Image 2026-09-09 at 08.29.45.jpeg,chambre,motion,"Vue large et profonde de la suite avec perspective linéaire marquée, peu de motif répétitif dominant",True,,"Suite spacieuse aux teintes rouge et or, organisée en enfilade. Lit circulaire sous alcôve voûtée, mobilier en bois, sol en zellige polychrome, draperies rouges et lustre en verre de Murano rouge.",high,False,False,,1896,174,0.002766
WhatsApp Image 2026-09-09 at 08.29.46 (1).jpeg,chambre,statique,"Présence dominante de motifs géométriques denses (zellige mural, textiles à chevrons répétitifs, carrelage au sol)",True,,"Chambre de riad aux murs ornés de zellige blanc géométrique et textiles jaune-or. Lit central avec coussins assortis, draperies jaunes aux fenêtres, lustre rose et mobilier d'époque créant une ambiance marocaine classique.",high,True,False,,1896,190,0.002846
WhatsApp Image 2026-09-09 at 08.29.46 (2).jpeg,chambre,motion,"Vue large de la chambre avec profondeur, perspective linéaire vers les portes et le couloir, peu de motif géométrique dominant",True,,"Chambre spacieuse aux tons jaune d'or et blanc, avec portes-fenêtres ornées donnant sur cour. Lit central, mobilier en bois travaillé, lustre rouge et blanc, rideaux dorés aux embrasses coordonnées.",high,False,False,,1896,181,0.002801
WhatsApp Image 2026-09-09 at 08.29.46 (3).jpeg,chambre,statique,Murs couverts de motifs géométriques denses (pegboard) et zellige répétitif dominant la composition,True,,"Chambre d'hôte marocain aux murs ornés de zellige blanc et beige, agrémentés de petits objets de décoration dorés. Lit bas drapé de blanc et rouge, fenêtre à carreaux en bois ouvrant sur l'extérieur, porte en bois massif donnant accès à la salle d'eau.",high,True,False,,1896,204,0.002916
WhatsApp Image 2026-09-09 at 08.29.46 (4).jpeg,chambre,statique,"Composition frontale centrée sur le lit avec motifs répétitifs denses (cadres muraux, zellige stylisé) et symétrie marquée",True,,"Chambre aux murs blancs ornés de motifs géométriques dorés et de miroirs encadrés. Lit aux draps rouges et blancs, décoration florale stylisée, éclairage chaleureux et sol en zellige multicolore.",high,True,False,,1896,186,0.002826
WhatsApp Image 2026-09-09 at 08.29.46.jpeg,commun,statique,"Composition frontale avec miroir encadré et motifs architecturaux répétitifs (niches, arcs); vue directe sans profondeur spatiale",True,,"Salle d'eau marocaine avec vasque murale encadrée d'un miroir en arc outrepassé. Niches encastrées dans le mur blanc, accessoires de salle de bain, serviettes beiges et rideau jaune ocre complètent l'aménagement.",high,True,False,,1896,195,0.002871
WhatsApp Image 2026-09-09 at 08.29.47 (1).jpeg,chambre,motion,"Vue large de la chambre, perspective spacieuse sans motif géométrique dominant",True,,"Chambre avec tête de lit arquée bleu ciel, lit confortable aux draps clairs et coussins colorés. Décoration éclectique mêlant influences marocaines et méditerranéennes : carrelage géométrique bleu et blanc, lanternes dorées, miroir ornemental, objets de décoration murale variés.",high,False,False,,1896,187,0.002831
WhatsApp Image 2026-09-09 at 08.29.47 (2).jpeg,commun,statique,Motif géométrique dense au sol (zellige bleu et blanc répétitif) dominant la composition,True,,"Salle de bains aux murs blancs ornée de miroirs et d'accessoires dorés. Le sol présente un zellige géométrique bleu et blanc caractéristique du style marocain, complété par des niches murales peintes en bleu foncé et une suspension en cristal.",high,True,False,,1896,181,0.002801
WhatsApp Image 2026-09-09 at 08.29.47 (3).jpeg,chambre,statique,Vue plongeante dominante avec motifs géométriques denses au sol (zellige bleu et or) et pegboard répétitif en arrière-plan,True,,"Chambre avec tête de lit arquée en bleu turquoise, literie blanche et coussins assortis. Le sol présente un zellige géométrique bleu et or caractéristique du style marocain, complété par un pegboard blanc et or en arrière-plan.",high,True,False,,1896,192,0.002856
WhatsApp Image 2026-09-09 at 08.29.47 (4).jpeg,chambre,statique,"Vue frontale d'une chambre avec zellige dense au sol et motifs répétitifs aux murs (pegboard), composition symétrique",True,,"Chambre double avec deux lits aux draps jaune anis et blanc, tête de lit turquoise ornée d'une applique dorée. Décoration marocaine classique : zellige géométrique au sol, pegboard blanc aux murs, lustre blanc et accessoires en laiton.",high,True,False,,1896,188,0.002836
WhatsApp Image 2026-09-09 at 08.29.47.jpeg,commun,statique,"Vue frontale d'une salle de bain avec miroir orné et éléments de décoration répétitifs (niches, accessoires)",True,,"Salle de bain aux murs blancs et jaunes, équipée d'un lavabo suspendu et d'un grand miroir doré à décor floral. Trois niches en arc de plein cintre intégrées dans la paroi accueillent des accessoires de toilette et des objets de décoration.",high,False,False,,1896,197,0.002881
WhatsApp Image 2026-09-09 at 08.29.48 (1).jpeg,chambre,motion,"Vue large de la pièce, perspective spacieuse sans motif géométrique dominant",True,,"Chambre double aux murs blanc et vert pâle, lit principal avec couverture jaune citron et coussins terracotta. Décoration éclectique mêlant influences orientales et coloniales : lustre blanc, appliques dorées, petits objets d'art et textiles traditionnels.",high,False,False,,1896,178,0.002786
WhatsApp Image 2026-09-09 at 08.29.48 (2).jpeg,commun,statique,Motif géométrique dense au sol (zellige turquoise et noir) dominant la composition,True,,"Salle de bains traditionnelle marocaine avec carrelage zellige turquoise et noir au sol, miroirs ornementés en bois sculpté, et portes en cèdre massif. Aménagement fonctionnel associant éléments de décoration artisanale et équipements modernes.",high,True,False,,1896,182,0.002806
WhatsApp Image 2026-09-09 at 08.29.48 (3).jpeg,detail,statique,"Vue plongeante d'une vasque avec pétales, composition dense et répétitive",True,,"Baignoire blanche avec eau teintée et pétales de rose rouges, robinetterie chromée et verre d'eau posé sur le rebord. Détail de salle de bain spa mettant en avant l'ambiance relaxante.",high,True,True,,1896,168,0.002736
WhatsApp Image 2026-09-09 at 08.29.48 (4).jpeg,detail,statique,"Vue plongeante sur vasque avec pétales, détail d'aménagement spa/bien-être",True,,"Baignoire remplie d'eau claire parsemée de pétales de rose rouges, robinetterie chromée élégante en arrière-plan. Ambiance spa intime typique des établissements marocains haut de gamme.",high,True,True,,1896,170,0.002746
WhatsApp Image 2026-09-09 at 08.29.48.jpeg,chambre,motion,"Vue large de la pièce, perspective spacieuse sans motif géométrique dominant",True,,"Chambre double avec deux lits aux draps jaune et vert anis, décorée d'éléments traditionnels marocains : portes sculptées en bois, miroir encadré de zellige, tentures bordeaux et accessoires en laiton. Plafond orné d'un lustre blanc et climatisation visible.",high,False,False,,1896,184,0.002816
WhatsApp Image 2026-09-09 at 08.29.49 (1).jpeg,chambre,statique,"Vue plongeante dominante avec motifs géométriques denses au sol et au mur (zellige, carrelage à damier, perforations murales répétitives)",True,,"Chambre de riad aux proportions allongées, décorée dans un style marocain contemporain. Lit à baldaquin jaune, textiles rayés rouge et blanc, murs blancs ornés de perforations géométriques, portes en bois travaillé et carrelage traditionnel au sol.",high,True,True,,1896,202,0.002906
WhatsApp Image 2026-09-09 at 08.29.49 (2).jpeg,commun,statique,Motif géométrique dense au sol (zellige noir et jaune) dominant la composition,True,,"Salle de bains spacieuse aux teintes jaune et blanc, équipée d'une baignoire îlot orange et de deux vasques. Le sol en zellige noir et jaune crée un contraste marqué avec les murs blancs et les miroirs encadrés de bois.",high,True,False,,1896,176,0.002776
WhatsApp Image 2026-09-09 at 08.29.49 (3).jpeg,commun,statique,"Vue plongeante dominante avec motif géométrique dense au sol (zellige), plafond à roseaux structuré, composition frontale étroite",True,,"Espace couvert d'un riad avec plafond en roseaux et poutres rouges, sol en zellige géométrique. Mobilier en rotin, cactus en pots terracotta, décoration sobre avec livres et objets artisanaux.",high,True,True,,1896,188,0.002836
WhatsApp Image 2026-09-09 at 08.29.49 (4).jpeg,commun,motion,"Vue large d'une salle spacieuse avec profondeur, mobilier dispersé, pas de motif géométrique dense dominant",True,,"Salle commune sous charpente traditionnelle en roseaux et poutres rouges. Tables basses en zellige jaune et noir, chaises en rotin blanc, décoration murale de paniers tressés. Accès à une pièce intérieure visible au fond.",high,False,False,,1896,181,0.002801
WhatsApp Image 2026-09-09 at 08.29.49 (5).jpeg,detail,statique,Vue rapprochée d'objets de décoration (cactus en pots) sans profondeur de champ significative,True,,"Composition de cactus en pots de terre cuite disposés sur une table en bois, dans un intérieur aux murs en bambou tressé. L'arrière-plan révèle un espace commun lumineux avec mobilier en rotin.",high,True,False,,1896,174,0.002766
WhatsApp Image 2026-09-09 at 08.29.49.jpeg,chambre,motion,"Vue large et spacieuse de la chambre avec profondeur, peu de motif répétitif dominant",True,,"Chambre élégante aux murs blancs et détails dorés, lit avec coussins orange et blanc à motifs géométriques. Décoration raffinée mêlant influences marocaines et méditerranéennes, avec miroir doré, lustre en laiton et accès vers le patio intérieur.",high,False,False,,1896,186,0.002826
WhatsApp Image 2026-09-09 at 08.29.50 (1).jpeg,detail,statique,"Vue plongeante d'une table de petit-déjeuner avec motifs géométriques denses (carrelage jaune, textiles répétitifs)",True,,"Table de petit-déjeuner marocain vue de dessus : croissants, fruits frais, jus d'orange, confitures et café. Carrelage jaune ocre et textiles à motifs géométriques bleus et violets.",high,True,True,,1666,183,0.002581
WhatsApp Image 2026-09-09 at 08.29.50 (2).jpeg,commun,statique,"Vue plongeante sur table dressée avec motifs répétitifs (assiettes, couverts, textiles), composition dense et cadrée de haut",True,,"Table de petit-déjeuner ou brunch dressée avec omelette, pâtisseries, jus d'orange et café. Mise en place soignée sur textiles naturels, reflet d'une hospitalité marocaine attentive aux détails.",high,True,True,,1896,187,0.002831
WhatsApp Image 2026-09-09 at 08.29.50 (3).jpeg,commun,motion,"Vue large d'une terrasse couverte spacieuse avec profondeur et perspective, peu de motif répétitif dominant",True,,"Terrasse couverte d'un riad avec charpente en bois et toile de lin. L'espace combine mobilier en rotin, zellige au sol et décoration végétale, typique de l'architecture marocaine traditionnelle.",high,False,False,,1896,173,0.002761
WhatsApp Image 2026-09-09 at 08.29.50 (4).jpeg,exterieur,motion,"Terrasse spacieuse avec vue large, mobilier dispersé, pas de motif géométrique dominant",True,,"Terrasse aménagée avec mobilier en bois et rotin, coussins rayés vert et blanc. Parasol assorti, murs blancs crénelés, palmier et lanternes murales complètent l'ambiance méditerranéenne.",high,False,False,,1896,172,0.002756
WhatsApp Image 2026-09-09 at 08.29.50 (5).jpeg,exterieur,motion,Terrasse ouverte spacieuse avec vue large sur l'espace et l'architecture environnante,True,,"Terrasse aménagée d'un riad avec mobilier contemporain en rotin blanc, parasols rayés vert et blanc, et vue sur la médina. Le sol en zellige traditionnel et les plantes en pots créent une ambiance méditerranéenne.",high,False,False,,1896,173,0.002761
WhatsApp Image 2026-09-09 at 08.29.50.jpeg,commun,motion,"Vue large d'une terrasse couverte spacieuse avec profondeur et perspective, sans motif géométrique dominant",True,,"Terrasse couverte d'un riad avec structure en bois et roseaux, mobilier en rotin, sol en zellige blanc et rouge. Espace de détente ouvert sur la médina avec rideaux en lin et décoration murale traditionnelle.",high,False,False,,1896,174,0.002766
